1,2018,1,0,1,0,6,0,2,14110847,1818125,805833,10749882,331,654,985
2,2018,1,0,1,0,0,0,2,14902598,1768695,696087,16652113,131,670,801
3,2018,1,0,1,0,1,1,1,8050924,947025,437273,16636703,120,1229,1349
4,2018,1,0,1,0,2,1,1,8.2,106061,590435,10739832,108,1454,1562
5,2018,1,0,1,0,3,1,1,9305237,114635,436957,125223,82,1518,1600
6,2018,1,0,1,0,4,1,1,8378268,1166045,518261,60008684,88,1518,1606
7,2018,1,0,1,0,5,1,2,8057402,1044195,498696,11304642,148,1362,1510
8,2018,1,0,1,0,6,0,2,6765,81127,535833,17875868,68,891,959
9,2018,1,0,1,0,0,0,1,5671653,580875,434167,2425065,54,768,822
10,2018,1,0,1,0,1,1,1,6184153,75444,482917,14958889,41,1280,1321
11,2018,1,0,1,0,2,1,2,6932731,95732,686364,8182844,43,1220,1263
12,2018,1,0,1,0,3,1,1,7081807,802365,599545,20410009,25,1137,1162
13,2018,1,0,1,0,4,1,1,6765,754415,470417,20167,38,1368,1406
14,2018,1,0,1,0,5,1,1,659567,942065,537826,8478716,54,1367,1421
15,2018,1,0,1,0,6,0,2,9566653,124056,49875,10583521,222,1026,1248
16,2018,1,0,1,0,0,0,1,9498347,1171085,48375,12625011,251,953,1204
17,2018,1,0,1,1,1,0,2,7209153,883855,53.75,12999139,117,883,1000
18,2018,1,0,1,0,2,1,2,8883347,1161665,861667,9833925,9,674,683
19,2018,1,0,1,0,3,1,2,11979134,149211,741739,13957239,78,1572,1650
20,2018,1,0,1,0,4,1,2,10728347,127525,538333,13125568,83,1844,1927
21,2018,1,0,1,0,5,1,1,72775,789165,457083,23667214,75,1468,1543
22,2018,1,0,1,0,6,0,1,24243464,395348,40,1152199,93,888,981
23,2018,1,0,1,0,0,0,1,39573897,4941955,436522,165222,150,836,986
24,2018,1,0,1,0,1,1,1,39930433,58965,491739,1060811,86,1330,1416
25,2018,1,0,1,0,2,1,2,9162598,117263,616957,8696332,186,1799,1985
26,2018,1,0,1,0,3,1,3,89175,10.18,86.25,1968795,34,472,506
27,2018,1,0,1,0,4,1,1,7995,10985,68.75,7627079,15,416,431
28,2018,1,0,1,0,5,1,2,8342598,1116585,793043,82611,38,1129,1167
29,2018,1,0,1,0,6,0,1,8057402,106063,651739,9739455,123,975,1098
30,2018,1,0,1,0,0,0,1,8877402,125161,722174,49568342,140,956,1096
31,2018,1,0,1,0,1,1,2,7414153,93125,60375,12541864,42,1459,1501
32,2018,1,0,2,0,2,1,2,7879134,117265,829565,3565271,47,1313,1360
33,2018,1,0,2,0,3,1,2,10.66,1272085,775417,17708636,72,1454,1526
34,2018,1,0,2,0,4,1,1,7665237,88939,437826,18609384,61,1489,1550
35,2018,1,0,2,0,5,1,2,8663464,1142935,585217,8565213,88,1620,1708
36,2018,1,0,2,0,6,0,2,9566653,121529,929167,10792293,100,905,1005
37,2018,1,0,2,0,0,0,1,11719153,1458355,568333,95006,354,1269,1623
38,2018,1,0,2,0,1,1,1,11138347,151829,738333,30423561,120,1592,1712
39,2018,1,0,2,0,2,1,1,9054153,99123,537917,2425065,64,1466,1530
40,2018,1,0,2,0,3,1,2,5526103,721415,494783,12652213,53,1552,1605
41,2018,1,0,2,0,4,1,1,5918268,74774,437391,14869645,47,1491,1538
42,2018,1,0,2,0,5,1,1,7752731,1067545,506364,727285,149,1597,1746
43,2018,1,0,2,0,6,0,1,91225,116477,544167,13625589,288,1184,1472
44,2018,1,0,2,0,0,0,1,12977402,1620565,457391,17479161,397,1192,1589
45,2018,1,0,2,0,1,1,1,17015,199175,375833,27999836,208,1705,1913
46,2018,1,0,2,0,2,1,1,10909567,127137,314348,19522058,140,1675,1815
47,2018,1,0,2,0,3,1,1,13048701,15.81,423478,16869997,218,1897,2115
48,2018,1,0,2,0,4,1,1,17869153,214329,50.5,15416968,259,2216,2475
49,2018,1,0,2,0,5,1,1,21388347,2559915,516667,17749975,579,2348,2927
50,2018,1,0,2,0,6,0,1,16365847,195702,187917,34000021,532,1103,1635
51,2018,1,0,2,0,0,0,1,11693897,138665,407826,14956745,639,1173,1812
52,2018,1,0,2,1,1,0,2,12436653,1420375,60.5,20625682,195,912,1107
53,2018,1,0,2,0,2,1,1,7471102,930165,577778,13110761,74,1376,1450
54,2018,1,0,2,0,3,1,1,9091299,1228585,423043,6305571,139,1778,1917
55,2018,1,0,2,0,4,1,2,12121732,1445955,697391,16783232,100,1707,1807
56,2018,1,0,2,0,5,1,2,14938268,1752305,712174,23218113,120,1341,1461
57,2018,1,0,2,0,6,0,1,115825,141096,537917,12500257,424,1545,1969
58,2018,1,0,2,0,0,0,1,14082598,1755545,68,8391616,694,1708,2402
59,2018,1,0,2,0,1,1,2,16698193,200059,876364,19408962,81,1365,1446
60,2018,1,0,3,0,2,1,1,10933347,1319395,53.5,14500475,137,1714,1851
61,2018,1,0,3,0,3,1,1,13735,1600355,449583,20624811,231,1903,2134
62,2018,1,0,3,0,4,1,1,8131653,1000665,318333,15125518,123,1562,1685
63,2018,1,0,3,0,5,1,2,10728347,1278395,610417,13624182,214,1730,1944
64,2018,1,0,3,0,6,0,2,15750847,1893895,789167,16875357,640,1437,2077
65,2018,1,0,3,0,0,0,2,15437402,183126,948261,23000229,114,491,605
66,2018,1,0,3,0,1,1,1,10731299,1192305,551304,22870584,244,1628,1872
67,2018,1,0,3,0,2,1,1,119925,15.12,420833,808355,316,1817,2133
68,2018,1,0,3,0,3,1,2,12129153,143304,775417,1475005,191,1700,1891
69,2018,1,0,3,0,4,1,3,15952731,192834,0,17545759,46,577,623
70,2018,1,0,3,0,5,1,2,12977402,15.25,649565,1560899,247,1730,1977
71,2018,1,0,3,0,6,0,1,13495847,162875,594583,14791925,724,1408,2132
72,2018,1,0,3,0,0,0,1,15758268,1900455,527391,18130468,982,1435,2417
73,2018,1,0,3,0,1,1,1,13333897,16.6,496957,9174042,359,1687,2046
74,2018,1,0,3,0,2,1,2,13013031,159089,655652,12348703,289,1767,2056
75,2018,1,0,3,0,3,1,2,14973897,183465,776522,13608839,321,1871,2192
76,2018,1,0,3,0,4,1,1,17015,2051665,602917,14041793,424,2320,2744
77,2018,1,0,3,0,5,1,1,22.14,2635045,525217,15478139,884,2355,3239
78,2018,1,0,3,0,6,0,1,193725,2332625,379167,24667189,1424,1693,3117
79,2018,1,0,3,0,0,0,1,136325,162875,47375,13917307,1047,1424,2471
80,2018,2,0,3,0,1,1,2,17647835,2048675,737391,19348461,401,1676,2077
81,2018,2,0,3,0,2,1,1,18108347,220321,624583,1512525,460,2243,2703
82,2018,2,0,3,0,3,1,2,14225237,1689695,839565,15695487,203,1918,2121
83,2018,2,0,3,0,4,1,2,11685,1354165,805833,16333729,166,1699,1865
84,2018,2,0,3,0,5,1,1,10830847,128156,49.5,15458575,300,1910,2210
85,2018,2,0,3,0,6,0,1,10899153,1287855,394167,14041257,981,1515,2496
86,2018,2,0,3,0,0,0,2,10374763,1251695,493913,123481,472,1221,1693
87,2018,2,0,3,0,1,1,1,10838268,128787,302174,14217668,222,1806,2028
88,2018,2,0,3,0,2,1,1,124025,146454,314167,15208732,317,2108,2425
89,2018,2,0,3,0,3,1,2,12.3,148675,646667,11583496,168,1368,1536
90,2018,2,0,3,0,4,1,3,11001653,1287875,918333,14582282,179,1506,1685
91,2018,2,0,4,0,5,1,2,12.3,141727,68625,17333436,307,1920,2227
92,2018,2,0,4,0,6,0,2,12915,1578185,65375,13208782,898,1354,2252
93,2018,2,0,4,0,0,0,1,15511653,1893835,48,12208271,1651,1598,3249
94,2018,2,0,4,0,1,1,1,23506653,2714645,42625,25833257,734,2381,3115
95,2018,2,0,4,0,2,1,2,16980847,199175,642083,26000489,167,1628,1795
96,2018,2,0,4,0,3,1,1,16024153,193804,470833,17625221,413,2395,2808
97,2018,2,0,4,0,4,1,1,179375,216848,602917,10874904,571,2570,3141
98,2018,2,0,4,0,5,1,2,13769153,1622395,83625,15208464,172,1299,1471
99,2018,2,0,4,0,6,0,2,140425,1707645,87.75,8916561,879,1576,2455
100,2018,2,0,4,0,0,0,2,17493347,2133685,85.75,9833389,1188,1707,2895
101,2018,2,0,4,0,1,1,2,24421732,2826085,716956,21739758,855,2493,3348
102,2018,2,0,4,0,2,1,2,206025,246527,739167,18416893,257,1777,2034
103,2018,2,0,4,0,3,1,2,169125,2086415,819167,16791339,209,1953,2162
104,2018,2,0,4,0,4,1,1,191675,231371,540417,74169,529,2738,3267
105,2018,2,0,4,1,5,0,1,18313347,2209565,67125,15167125,642,2484,3126
106,2018,2,0,4,0,6,0,3,17664153,212746,888333,22834136,121,674,795
107,2018,2,0,4,0,0,0,1,18723347,222848,479583,20334232,1558,2186,3744
108,2018,2,0,4,0,1,1,1,210125,251573,54.25,10958989,669,2760,3429
109,2018,2,0,4,0,2,1,2,20739153,244629,665833,10584057,409,2795,3204
110,2018,2,0,4,0,3,1,1,24395,282196,614167,16208975,613,3331,3944
111,2018,2,0,4,0,4,1,1,18825847,226946,407083,21792286,745,3444,4189
112,2018,2,0,4,0,5,1,2,13803347,160977,729583,14707907,177,1506,1683
113,2018,2,0,4,0,6,0,2,18.86,2250605,887917,15458575,1462,2574,4036
114,2018,2,0,4,0,0,0,2,23848347,2758815,810833,12875725,1710,2481,4191
115,2018,2,0,4,0,1,1,1,24873347,28725,776667,12417311,773,3300,4073
116,2018,2,0,4,0,2,1,1,25898347,2970415,729167,218755,678,3722,4400
117,2018,2,0,4,0,3,1,2,25.42,287571,835417,209174,547,3325,3872
118,2018,2,0,4,0,4,1,2,253175,2894645,700833,21500836,569,3489,4058
119,2018,2,0,4,0,5,1,1,20.91,2487315,457083,16084221,878,3717,4595
120,2018,2,0,4,0,6,0,1,193725,2320105,503333,15750025,1965,3347,5312
121,2018,2,0,5,0,0,0,2,18518347,224102,762083,7125718,1138,2213,3351
122,2018,2,0,5,0,1,1,2,22515847,2664165,73,12291418,847,3554,4401
123,2018,2,0,5,0,2,1,2,25283347,2910395,697083,22958689,603,3848,4451
124,2018,2,0,5,0,3,1,2,16980847,202325,737083,22042732,255,2378,2633
125,2018,2,0,5,0,4,1,1,18825847,2209585,444167,19791264,614,3819,4433
126,2018,2,0,5,0,5,1,1,19645847,2370585,59,15292482,894,3714,4608
127,2018,2,0,5,0,6,0,1,21.32,2563105,54125,1075015,1612,3102,4714
128,2018,2,0,5,0,0,0,1,21661653,2594665,631667,50007125,1401,2932,4333
129,2018,2,0,5,0,1,1,1,218325,262623,58875,11792,664,3698,4362
130,2018,2,0,5,0,2,1,1,218325,2613605,489167,7749957,694,4109,4803
131,2018,2,0,5,0,3,1,1,222425,26.42,632917,8083014,550,3632,4182
132,2018,2,0,5,0,4,1,1,21935,2616815,74.75,12707689,695,4169,4864
133,2018,2,0,5,0,5,1,2,210125,24715,863333,12041575,692,3413,4105
134,2018,2,0,5,0,6,0,2,21354153,2503145,92.25,904165,902,2507,3409
135,2018,2,0,5,0,0,0,2,230625,26.8,867083,10249593,1582,2971,4553
136,2018,2,0,5,0,1,1,1,236775,275256,787917,8500357,773,3185,3958
137,2018,2,0,5,0,2,1,2,23028347,2692645,837917,18582718,678,3445,4123
138,2018,2,0,5,0,3,1,2,22.55,263579,87,13499964,536,3319,3855
139,2018,2,0,5,0,4,1,2,21764153,255371,829583,7250271,735,3840,4575
140,2018,2,0,5,0,5,1,1,22003347,264521,719583,8375871,909,4008,4917
141,2018,2,0,5,0,6,0,1,247025,2859875,626667,808355,2258,3547,5805
142,2018,2,0,5,0,0,0,1,24770847,28725,749583,9916536,1576,3084,4660
143,2018,2,0,5,0,1,1,2,25898347,295148,81,15667414,836,3438,4274
144,2018,2,0,5,0,2,1,2,27.06,3024065,740833,13875164,659,3833,4492
145,2018,2,0,5,0,3,1,1,27094153,307771,69625,10333611,740,4238,4978
146,2018,2,0,5,0,4,1,1,29041653,327344,67.75,13376014,758,3919,4677
147,2018,2,0,5,0,5,1,1,27948347,318504,65375,16125493,871,3808,4679
148,2018,2,0,5,0,6,0,1,26889153,3061895,729583,15416164,2001,2757,4758
149,2018,2,0,5,0,0,0,1,273675,307775,81875,14333846,2355,2433,4788
150,2018,2,0,5,1,1,0,1,30066653,335546,68.5,8792075,1549,2549,4098
151,2018,2,0,5,0,2,1,1,31775,3626915,636667,7459043,673,3309,3982
152,2018,2,0,6,0,3,1,2,31330847,3604835,677083,13875164,513,3461,3974
153,2018,2,0,6,0,4,1,1,29315,321971,30.5,19583229,736,4232,4968
154,2018,2,0,6,0,5,1,1,25.42,2935665,354167,16959107,898,4414,5312
155,2018,2,0,6,0,6,0,1,26035,297348,45625,8250514,1869,3473,5342
156,2018,2,0,6,0,0,0,2,26581653,308402,65.25,9292364,1685,3221,4906
157,2018,2,0,6,0,1,1,1,27811653,310929,60,8167032,673,3875,4548
158,2018,2,0,6,0,2,1,1,290075,327975,597917,12583136,763,4070,4833
159,2018,2,0,6,0,3,1,1,31809153,3636395,622083,9166739,676,3725,4401
160,2018,2,0,6,0,4,1,2,33141653,3787895,568333,10042161,563,3352,3915
161,2018,2,0,6,0,5,1,1,30955,351646,60.5,9417118,815,3771,4586
162,2018,2,0,6,0,6,0,1,29725,339019,654583,1037495,1729,3237,4966
163,2018,2,0,6,0,0,0,1,283925,3216625,747917,10958989,1467,2993,4460
164,2018,2,0,6,0,1,1,1,26035,300827,494583,2045845,863,4157,5020
165,2018,2,0,6,0,2,1,1,24770847,295773,507083,18041961,727,4164,4891
166,2018,2,0,6,0,3,1,1,25693347,293877,471667,11250104,769,4411,5180
167,2018,2,0,6,0,4,1,2,25761653,297673,688333,13833557,545,3222,3767
168,2018,2,0,6,0,5,1,1,26615847,3001915,735833,9582943,863,3981,4844
169,2018,2,0,6,0,6,0,1,28563347,321977,670417,8000336,1807,3312,5119
170,2018,2,0,6,0,0,0,2,28665847,322923,666667,6834,1639,3105,4744
171,2018,2,0,6,0,1,1,2,26035,297673,74625,10416825,699,3311,4010
172,2018,3,0,6,0,2,1,2,27914153,318823,770417,11458675,774,4061,4835
173,2018,3,0,6,0,3,1,1,30066653,3469145,70.75,11541554,661,3846,4507
174,2018,3,0,6,0,4,1,2,29861653,3469165,703333,15999868,746,4044,4790
175,2018,3,0,6,0,5,1,1,29690847,3282915,573333,14875675,969,4022,4991
176,2018,3,0,6,0,6,0,1,28495,3216565,483333,14041257,1782,3420,5202
177,2018,3,0,6,0,0,0,1,27.88,3188145,513333,63337311,1920,3385,5305
178,2018,3,0,6,0,1,1,2,279825,318502,658333,7208396,854,3854,4708
179,2018,3,0,6,0,2,1,1,30510847,346279,634167,9666961,732,3916,4648
180,2018,3,0,6,0,3,1,1,29861653,327344,497917,17542007,848,4377,5225
181,2018,3,0,6,0,4,1,1,28563347,318504,434167,12415904,1027,4488,5515
182,2018,3,0,7,0,5,1,1,296225,326081,39625,6874736,1246,4116,5362
183,2018,3,0,7,0,6,0,1,30271653,333654,444583,7709154,2204,2915,5119
184,2018,3,0,7,0,0,0,2,29383347,3342875,68.25,15333486,2282,2367,4649
185,2018,3,0,7,1,1,0,2,29793347,3327085,637917,54591064,3065,2978,6043
186,2018,3,0,7,0,2,1,1,30613347,348169,590417,8459286,1031,3634,4665
187,2018,3,0,7,0,3,1,1,29.52,3428165,743333,10042161,784,3845,4629
188,2018,3,0,7,0,4,1,1,30.75,3434355,65125,106664,754,3838,4592
189,2018,3,0,7,0,5,1,2,29075847,3352415,757917,15083643,692,3348,4040
190,2018,3,0,7,0,6,0,1,30066653,332079,609167,11250104,1988,3348,5336
191,2018,3,0,7,0,0,0,1,306475,3450125,578333,12292557,1743,3138,4881
192,2018,3,0,7,0,1,1,1,312625,364902,635833,18916579,723,3363,4086
193,2018,3,0,7,0,2,1,1,32560847,3696375,559167,13417018,662,3596,4258
194,2018,3,0,7,0,3,1,1,30613347,344702,631667,9790911,748,3594,4342
195,2018,3,0,7,0,4,1,1,27914153,317552,47625,16124689,888,4196,5084
196,2018,3,0,7,0,5,1,1,27196653,3121855,59125,12249811,1318,4220,5538
197,2018,3,0,7,0,6,0,1,28153347,3191315,58.5,13958914,2418,3505,5923
198,2018,3,0,7,0,0,0,1,29485847,3349165,604167,16417211,2006,3296,5302
199,2018,3,0,7,0,1,1,1,30613347,3519625,65125,14458868,841,3617,4458
200,2018,3,0,7,0,2,1,1,31843347,3737395,650417,87502,752,3789,4541
201,2018,3,0,7,0,3,1,1,31501653,373425,707083,7625739,644,3688,4332
202,2018,3,0,7,0,4,1,2,33415,4131855,69125,14875407,632,3152,3784
203,2018,3,0,7,0,5,1,1,34781653,420448,580417,89177,562,2825,3387
204,2018,3,0,7,0,6,0,1,34815847,4021435,50,8791807,987,2298,3285
205,2018,3,0,7,0,0,0,1,34.03,3974145,550833,11334457,1050,2556,3606
206,2018,3,0,7,0,1,1,1,30476653,360479,757083,60841561,568,3272,3840
207,2018,3,0,7,0,2,1,1,31638347,3484895,540833,13417286,750,3840,4590
208,2018,3,0,7,0,3,1,1,31775,3453335,402917,12292021,755,3901,4656
209,2018,3,0,7,0,4,1,1,31945847,36995,583333,11958093,606,3784,4390
210,2018,3,0,7,0,5,1,1,34371653,3929835,54.25,11667246,670,3176,3846
211,2018,3,0,7,0,6,0,1,32970847,3642685,465833,11291979,1559,2916,4475
212,2018,3,0,7,0,0,0,1,33039153,364898,480833,11042471,1524,2778,4302
213,2018,3,0,8,0,1,1,1,31638347,351646,550833,10500039,729,3537,4266
214,2018,3,0,8,0,2,1,1,32116653,3535355,49125,1379195,801,4044,4845
215,2018,3,0,8,0,3,1,2,29998347,3399685,65.75,9084061,467,3107,3574
216,2018,3,0,8,0,4,1,2,29.11,332394,75.75,1320905,799,3777,4576
217,2018,3,0,8,0,5,1,1,29144153,3282835,630833,12374632,1023,3843,4866
218,2018,3,0,8,0,6,0,2,29383347,338077,75.5,1529275,1521,2773,4294
219,2018,3,0,8,0,0,0,1,304425,357646,752917,13499629,1298,2487,3785
220,2018,3,0,8,0,1,1,1,31365,3516415,592083,12875725,846,3480,4326
221,2018,3,0,8,0,2,1,1,31775,3620605,570417,10125107,907,3695,4602
222,2018,3,0,8,0,3,1,1,31433347,3424915,424167,13417286,884,3896,4780
223,2018,3,0,8,0,4,1,1,294175,3257605,42375,11041332,812,3980,4792
224,2018,3,0,8,0,5,1,1,29041653,327021,41.5,8416607,1051,3854,4905
225,2018,3,0,8,0,6,0,2,28119153,322929,729583,14167418,1504,2646,4150
226,2018,3,0,8,0,0,0,2,27743347,312194,81.75,14916411,1338,2482,3820
227,2018,3,0,8,0,1,1,1,27299153,3080835,712083,13999918,775,3563,4338
228,2018,3,0,8,0,2,1,1,28734153,3229185,578333,15834043,721,4004,4725
229,2018,3,0,8,0,3,1,1,29656653,3333355,575417,9625689,668,4026,4694
230,2018,3,0,8,0,4,1,1,29178347,331129,654583,15624936,639,3166,3805
231,2018,3,0,8,0,5,1,2,28085,3166105,722917,9333636,797,3356,4153
232,2018,3,0,8,0,6,0,1,285975,324498,674167,6999289,1914,3277,5191
233,2018,3,0,8,0,0,0,1,29144153,3377625,77,16666518,1249,2624,3873
234,2018,3,0,8,0,1,1,1,28358347,319127,47,1854225,833,3925,4758
235,2018,3,0,8,0,2,1,1,26274153,3030335,455417,9833121,1281,4614,5895
236,2018,3,0,8,0,3,1,1,27606653,315346,60.5,16958236,949,4181,5130
237,2018,3,0,8,0,4,1,2,28050847,322927,771667,14125811,435,3107,3542
238,2018,3,0,8,0,5,1,1,28.7,3298665,76125,56254875,768,3893,4661
239,2018,3,0,8,0,6,0,2,27.88,317778,85,25166339,226,889,1115
240,2018,3,0,8,0,0,0,1,28989419,3239795,561765,20412153,1415,2919,4334
241,2018,3,0,8,0,1,1,1,26103347,303979,554583,10708275,729,3905,4634
242,2018,3,0,8,0,2,1,1,26205847,297352,548333,8375536,775,4429,5204
243,2018,3,0,8,0,3,1,1,26923347,3055605,597917,55833311,688,4370,5058
244,2018,3,0,9,0,4,1,1,26855,3074605,639167,9500332,783,4332,5115
245,2018,3,0,9,0,5,1,2,26376653,302404,727083,9375243,875,3852,4727
246,2018,3,0,9,0,6,0,1,27435847,3166065,716667,12416775,1935,2549,4484
247,2018,3,0,9,0,0,0,1,29075847,3327145,742083,13833289,2521,2419,4940
248,2018,3,0,9,1,1,0,2,27606653,312823,790417,14250632,1236,2115,3351
249,2018,3,0,9,0,2,1,3,22.14,25.76,886957,23044181,204,2506,2710
250,2018,3,0,9,0,3,1,3,24565847,2721145,917083,65003936,118,1878,1996
251,2018,3,0,9,0,4,1,3,25990433,2776805,939565,12914116,153,1689,1842
252,2018,3,0,9,0,5,1,2,26.65,289473,897917,8333393,417,3127,3544
253,2018,3,0,9,0,6,0,1,27.06,303981,75375,10291736,1750,3595,5345
254,2018,3,0,9,0,0,0,1,26786653,3046145,71375,7708618,1633,3413,5046
255,2018,3,0,9,0,1,1,1,26418268,301065,692174,5957171,690,4023,4713
256,2018,3,0,9,0,2,1,1,26684153,301777,71.25,9500868,701,4062,4763
257,2018,3,0,9,0,3,1,1,27606653,31345,697083,112091,647,4138,4785
258,2018,3,0,9,0,4,1,2,236775,2768355,709167,18166782,428,3231,3659
259,2018,3,0,9,0,5,1,2,19235847,2307375,590417,11000261,742,4018,4760
260,2018,3,0,9,0,6,0,2,20158347,239256,718333,12708225,1434,3077,4511
261,2018,3,0,9,0,0,0,1,208075,2452685,69.5,11958361,1353,2921,4274
262,2018,3,0,9,0,1,1,2,22515847,2648375,69,10166714,691,3848,4539
263,2018,3,0,9,0,2,1,2,23028347,2661085,88125,9041918,438,3203,3641
264,2018,3,0,9,0,3,1,2,24395,2752665,90,64590814,539,3813,4352
265,2018,3,0,9,0,4,1,2,25761653,2774815,902083,8584375,555,4240,4795
266,2018,4,0,9,0,5,1,2,24975847,2610625,97.25,52505689,258,2137,2395
267,2018,4,0,9,0,6,0,2,24873347,282206,86.25,52516811,1776,3647,5423
268,2018,4,0,9,0,0,0,2,26000847,2863185,84.5,33754064,1544,3466,5010
269,2018,4,0,9,0,1,1,2,26615847,294521,848333,74169,684,3946,4630
270,2018,4,0,9,0,2,1,2,26103347,2872625,885417,7917457,477,3643,4120
271,2018,4,0,9,0,3,1,2,26035,287579,84875,9958143,480,3427,3907
272,2018,4,0,9,0,4,1,1,25283347,287256,699167,11583161,653,4186,4839
273,2018,4,0,9,0,5,1,1,23130847,2724145,64.75,13833825,830,4372,5202
274,2018,4,0,10,0,6,0,2,16.81,2064315,75375,19583832,480,1949,2429
275,2018,4,0,10,0,0,0,2,14623347,1726585,791667,14874871,616,2302,2918
276,2018,4,0,10,0,1,1,2,15750847,196023,760833,55841686,330,3240,3570
277,2018,4,0,10,0,2,1,1,19850847,236429,71,13792218,486,3970,4456
278,2018,4,0,10,0,3,1,1,22071653,263569,647917,1187575,559,4267,4826
279,2018,4,0,10,0,4,1,1,20260847,2402125,620833,9041918,639,4126,4765
280,2018,4,0,10,0,5,1,1,20944153,252202,684167,15002439,949,4036,4985
281,2018,4,0,10,0,6,0,1,21388347,256621,70125,30420814,2235,3174,5409
282,2018,4,0,10,0,0,0,1,22174153,2619915,72.75,425115,2397,3114,5511
283,2018,4,0,10,1,1,0,1,23404153,2714625,73375,28343814,1514,3603,5117
284,2018,4,0,10,0,2,1,2,23233347,273048,80875,9583814,667,3896,4563
285,2018,4,0,10,0,3,1,3,22276653,2588585,90625,1662605,217,2199,2416
286,2018,4,0,10,0,4,1,2,24155847,275902,896667,9499729,290,2623,2913
287,2018,4,0,10,0,5,1,2,22584153,2648375,71625,15000161,529,3115,3644
288,2018,4,0,10,0,6,0,1,20773347,2493625,483333,17291561,1899,3318,5217
289,2018,4,0,10,0,0,0,1,20978347,251577,486667,18875039,1748,3293,5041
290,2018,4,0,10,0,1,1,1,21900847,2553625,579583,11750393,713,3857,4570
291,2018,4,0,10,0,2,1,2,218325,2613605,701667,7375829,637,4111,4748
292,2018,4,0,10,0,3,1,3,22211299,256924,895217,16303713,254,2170,2424
293,2018,4,0,10,0,4,1,1,19509153,2332625,63625,28292425,471,3724,4195
294,2018,4,0,10,0,5,1,1,175275,211798,574167,14833532,676,3628,4304
295,2018,4,0,10,0,6,0,1,173225,212746,629167,62086689,1499,2809,4308
296,2018,4,0,10,0,0,0,1,17288347,2111665,74125,66673375,1619,2762,4381
297,2018,4,0,10,0,1,1,1,18996653,2285335,772083,7959064,699,3488,4187
298,2018,4,0,10,0,2,1,1,19338347,2316875,622917,11166086,695,3992,4687
299,2018,4,0,10,0,3,1,2,19850847,236423,720417,9959014,404,3490,3894
300,2018,4,0,10,0,4,1,2,19.27,228523,812917,13250121,240,2419,2659
301,2018,4,0,10,0,5,1,2,13564153,159406,585833,15375093,456,3291,3747
302,2018,4,0,10,0,6,0,3,10420847,1139565,88.25,23541857,57,570,627
303,2018,4,0,10,0,0,0,1,13085847,1606645,62375,11833339,885,2446,3331
304,2018,4,0,10,0,1,1,1,13.94,1780315,703333,712545,362,3307,3669
305,2018,4,0,11,0,2,1,1,16434153,198544,68375,9083257,410,3658,4068
306,2018,4,0,11,0,3,1,1,154775,1950665,71875,55001439,370,3816,4186
307,2018,4,0,11,0,4,1,1,16741653,2029605,702083,9166739,318,3656,3974
308,2018,4,0,11,0,5,1,2,16536653,201696,62.25,18209193,470,3576,4046
309,2018,4,0,11,0,6,0,1,13393347,161927,519167,12667154,1156,2770,3926
310,2018,4,0,11,0,0,0,1,14281653,181179,734583,61676314,952,2697,3649
311,2018,4,0,11,0,1,1,1,16195,2004355,75875,3834075,373,3662,4035
312,2018,4,0,11,0,2,1,1,16741653,206123,721667,46255125,376,3829,4205
313,2018,4,0,11,0,3,1,1,16.4,2045395,758333,41671186,305,3804,4109
314,2018,4,0,11,0,4,1,2,15.58,1868605,813333,12667489,190,2743,2933
315,2018,4,0,11,1,5,0,1,13290847,1534085,44625,21083225,440,2928,3368
316,2018,4,0,11,0,6,0,1,14623347,178971,552917,14208154,1275,2792,4067
317,2018,4,0,11,0,0,0,1,18074153,215275,458333,18875307,1004,2713,3717
318,2018,4,0,11,0,1,1,1,21.73,262306,587083,20541932,595,3891,4486
319,2018,4,0,11,0,2,1,2,21.73,2537895,68875,13375411,449,3746,4195
320,2018,4,0,11,0,3,1,3,18723347,225994,93,9167543,145,1672,1817
321,2018,4,0,11,0,4,1,2,14008347,1616105,575833,20459254,139,2914,3053
322,2018,4,0,11,0,5,1,1,11240847,1363605,41,11291711,245,3147,3392
323,2018,4,0,11,0,6,0,1,13495847,1622415,502083,15041232,943,2720,3663
324,2018,4,0,11,0,0,0,2,18996653,228529,684583,1245865,787,2733,3520
325,2018,4,0,11,0,1,1,3,183475,222531,91,9249618,220,2545,2765
326,2018,4,0,11,0,2,1,3,17083347,210848,96.25,7959064,69,1538,1607
327,2018,4,0,11,0,3,1,2,18074153,2152685,757917,22500275,112,2454,2566
328,2018,4,0,11,1,4,0,1,15306653,1862355,549167,11209368,560,935,1495
329,2018,4,0,11,0,5,1,1,15375,1903355,64375,66260186,1095,1697,2792
330,2018,4,0,11,0,6,0,1,15409153,1925435,681667,45841936,1249,1819,3068
331,2018,4,0,11,0,0,0,1,18825847,22.79,698333,13999918,810,2261,3071
332,2018,4,0,11,0,1,1,1,20642598,245061,743043,9522174,253,3614,3867
333,2018,4,0,11,0,2,1,2,18791653,2256875,830833,17292164,96,2818,2914
334,2018,4,0,11,0,3,1,1,13325,1556105,613333,18167586,188,3425,3613
335,2018,4,0,12,0,4,1,1,128125,152777,524583,14750586,182,3545,3727
336,2018,4,0,12,0,5,1,1,12880847,1657165,625833,6750518,268,3672,3940
337,2018,4,0,12,0,6,0,1,12265847,155302,612917,64174811,706,2908,3614
338,2018,4,0,12,0,0,0,1,13564153,17455,775833,56252061,634,2851,3485
339,2018,4,0,12,0,1,1,2,15819153,1969625,827083,41679561,233,3578,3811
340,2018,4,0,12,0,2,1,3,189625,22.82,949583,15583061,126,2468,2594
341,2018,4,0,12,0,3,1,3,16.81,200123,970417,17833725,50,655,705
342,2018,4,0,12,0,4,1,1,10899153,128469,58,16083886,150,3172,3322
343,2018,4,0,12,0,5,1,1,11924153,158771,695833,55420189,261,3359,3620
344,2018,4,0,12,0,6,0,1,11275,133206,50.75,15625807,502,2688,3190
345,2018,4,0,12,0,0,0,1,9054153,126577,49,44582939,377,2366,2743
346,2018,4,0,12,0,1,1,1,9771653,135098,670833,425115,143,3167,3310
347,2018,4,0,12,0,2,1,1,115825,150569,59,941685,155,3368,3523
348,2018,4,0,12,0,3,1,2,130175,169181,66375,40842061,178,3562,3740
349,2018,4,0,12,0,4,1,2,173225,2061185,634167,17958814,181,3528,3709
350,2018,4,0,12,0,5,1,2,15375,1799125,500417,17458525,178,3399,3577
351,2018,4,0,12,0,6,0,2,10591653,1246855,560833,16292189,275,2464,2739
352,2018,4,0,12,0,0,0,1,9771653,1227895,58625,11375193,220,2211,2431
353,2018,4,0,12,0,1,1,1,11343347,1404665,63.75,11584032,260,3143,3403
354,2018,4,0,12,0,2,1,2,15819153,198227,595417,41252436,216,3534,3750
355,2018,1,0,12,0,3,1,2,17561653,2140085,858333,148338,107,2553,2660
356,2018,1,0,12,0,4,1,2,17356653,2130605,75.75,3167425,227,2841,3068
357,2018,1,0,12,0,5,1,1,15306653,1887565,68625,18374482,163,2046,2209
358,2018,1,0,12,0,6,0,1,124025,149621,54.25,12750368,155,856,1011
359,2018,1,0,12,0,0,0,1,11266103,1399805,681304,10391097,303,451,754
360,2018,1,0,12,1,1,0,1,13191299,1577675,506957,16044155,430,887,1317
361,2018,1,0,12,0,2,1,2,13325,1638165,76.25,1262615,103,1059,1162
362,2018,1,0,12,0,3,1,1,1226433,139987,503913,19695387,255,2047,2302
363,2018,1,0,12,0,4,1,1,10181653,131946,574167,8000604,254,2169,2423
364,2018,1,0,12,0,5,1,1,12778347,159406,636667,9000579,491,2508,2999
365,2018,1,0,12,0,6,0,1,16.81,2070605,615833,14750318,665,1820,2485
366,2019,1,1,1,0,0,0,1,15.17,1878105,69.25,12875189,686,1608,2294
367,2019,1,1,1,1,1,0,1,11194763,126152,381304,22087555,244,1707,1951
368,2019,1,1,1,0,2,1,1,6.15,631375,44125,24499957,89,2147,2236
369,2019,1,1,1,0,3,1,2,44075,596685,414583,123749,95,2273,2368
370,2019,1,1,1,0,4,1,1,10899153,139206,524167,8709129,140,3132,3272
371,2019,1,1,1,0,5,1,1,13700847,1701335,542083,11249836,307,3791,4098
372,2019,1,1,1,0,6,0,1,16126653,1953895,531667,11708786,1070,3451,4521
373,2019,1,1,1,0,0,0,1,138375,170129,46.5,12833314,599,2826,3425
374,2019,1,1,1,0,1,1,2,9190847,1237395,701667,66263,106,2270,2376
375,2019,1,1,1,0,2,1,1,12656536,159413,646522,12565984,173,3425,3598
376,2019,1,1,1,0,3,1,2,11240847,1414105,84.75,8791807,92,2085,2177
377,2019,1,1,1,0,4,1,2,156825,190969,802917,12124789,269,3828,4097
378,2019,1,1,1,0,5,1,1,11240847,124681,50.75,25333236,174,3040,3214
379,2019,1,1,1,0,6,0,1,7.38,915435,45.75,12541261,333,2160,2493
380,2019,1,1,1,0,0,0,1,6833347,808125,419167,16834286,284,2027,2311
381,2019,1,1,1,1,1,0,1,7.79,953315,52.25,15500986,217,2081,2298
382,2019,1,1,1,0,2,1,2,15294763,182139,716087,2339171,127,2808,2935
383,2019,1,1,1,0,3,1,1,12436653,137627,443333,27833743,109,3267,3376
384,2019,1,1,1,0,4,1,1,7.79,95019,49.75,14750586,130,3162,3292
385,2019,1,1,1,0,5,1,2,89175,110479,45,1358425,115,3048,3163
386,2019,1,1,1,0,6,0,2,7106653,874375,83125,14917014,67,1234,1301
387,2019,1,1,1,0,0,0,2,66625,81125,79625,13375746,196,1781,1977
388,2019,1,1,1,0,1,1,2,8951653,121529,91125,7417436,145,2287,2432
389,2019,1,1,1,0,2,1,1,140425,174554,835833,8292389,439,3900,4339
390,2019,1,1,1,0,3,1,1,12060847,1474105,64375,10791757,467,3803,4270
391,2019,1,1,1,0,4,1,2,14008347,178025,769583,49175186,244,3831,4075
392,2019,1,1,1,0,5,1,2,17425,2076915,74125,22958689,269,3187,3456
393,2019,1,1,1,0,6,0,1,12949153,1631895,543333,14125543,775,3248,4023
394,2019,1,1,1,0,0,0,1,115825,1363605,31125,1608335,558,2685,3243
395,2019,1,1,1,0,1,1,1,11035847,1313125,400833,14458064,126,3498,3624
396,2019,1,1,1,0,2,1,1,15.99,1906585,416667,17541739,324,4185,4509
397,2019,1,1,2,0,3,1,1,19235847,233269,507917,12667489,304,4275,4579
398,2019,1,1,2,0,4,1,2,16365847,1994855,672917,12541529,190,3571,3761
399,2019,1,1,2,0,5,1,1,12846653,154673,526667,11959232,310,3841,4151
400,2019,1,1,2,0,6,0,2,10830847,1363625,779583,8167032,384,2448,2832
401,2019,1,1,2,0,0,0,2,10899153,1322605,687917,11791732,318,2629,2947
402,2019,1,1,2,0,1,1,1,11586969,148213,622174,103046,206,3578,3784
403,2019,1,1,2,0,2,1,1,14520847,180552,49625,9874393,199,4176,4375
404,2019,1,1,2,0,3,1,2,10523347,1332105,722917,8959307,109,2693,2802
405,2019,1,1,2,0,4,1,1,10865,130994,562083,13000479,163,3667,3830
406,2019,1,1,2,0,5,1,2,11514153,146779,54,7834243,227,3604,3831
407,2019,1,1,2,0,6,0,3,9190847,1054335,73125,19416332,192,1977,2169
408,2019,1,1,2,0,0,0,1,52275,50829,464583,27417204,73,1456,1529
409,2019,1,1,2,0,1,1,1,91225,1139565,41125,11207961,94,3328,3422
410,2019,1,1,2,0,2,1,2,13085847,166973,50875,9458993,135,3787,3922
411,2019,1,1,2,0,3,1,1,14281653,1758145,53125,121672,141,4028,4169
412,2019,1,1,2,0,4,1,2,12983347,165081,752917,6125475,74,2931,3005
413,2019,1,1,2,0,5,1,1,14076653,1758145,634583,13791682,349,3805,4154
414,2019,1,1,2,0,6,0,1,14213347,1777125,534583,12792243,1435,2883,4318
415,2019,1,1,2,0,0,0,2,11.48,132894,515833,16958504,618,2071,2689
416,2019,1,1,2,1,1,0,1,11.48,1366955,507826,15348561,502,2627,3129
417,2019,1,1,2,0,2,1,1,11800866,1475565,594348,13783039,163,3614,3777
418,2019,1,1,2,0,3,1,1,16229153,1963335,567917,15709557,394,4379,4773
419,2019,1,1,2,0,4,1,1,18620847,222223,554583,12791171,516,4546,5062
420,2019,1,1,2,0,5,1,2,167075,2054855,73.75,15916989,246,3241,3487
421,2019,1,1,2,0,6,0,1,11924153,1278375,395833,28250014,317,2415,2732
422,2019,1,1,2,0,0,0,1,11445847,134154,41,13750343,515,2874,3389
423,2019,1,1,2,0,1,1,1,15033347,178977,490833,17958211,253,4069,4322
424,2019,1,1,2,0,2,1,1,14725847,1767625,395833,12958939,229,4134,4363
425,2019,1,1,3,0,4,1,1,19919153,2376855,615417,15208129,325,4665,4990
426,2019,1,1,3,0,5,1,2,14486653,179921,657083,9708568,246,2948,3194
427,2019,1,1,3,0,6,0,2,16980847,206746,62125,10792293,956,3110,4066
428,2019,1,1,3,0,0,0,1,13359153,1515105,403333,22416257,710,2713,3423
429,2019,1,1,3,0,1,1,1,9976653,1205855,50625,15333486,203,3130,3333
430,2019,1,1,3,0,2,1,1,10591653,127521,456667,13458625,221,3735,3956
431,2019,1,1,3,0,3,1,1,16570847,19255,513333,23167193,432,4484,4916
432,2019,1,1,3,0,4,1,1,216275,262302,56.75,29584721,486,4896,5382
433,2019,1,1,3,0,5,1,2,16844153,1985415,407083,277916,447,4122,4569
434,2019,1,1,3,0,6,0,1,117875,1388835,350417,1512525,968,3150,4118
435,2019,1,1,3,0,0,0,1,14831299,179835,476957,14913329,1658,3253,4911
436,2019,1,1,3,0,1,1,1,19133347,229796,489167,13916771,838,4460,5298
437,2019,1,1,3,0,2,1,1,23165,2714645,61.75,1587565,762,5085,5847
438,2019,1,1,3,0,3,1,1,234725,2743085,507083,7709154,997,5315,6312
439,2019,1,1,3,0,4,1,1,228575,2664125,579583,10042161,1005,5187,6192
440,2019,1,1,3,0,5,1,2,17869153,2181145,842083,7583864,548,3830,4378
441,2019,1,1,3,0,6,0,2,21080847,252523,755833,7417168,3155,4681,7836
442,2019,1,1,3,0,0,0,2,193725,23.2,81,8501161,2207,3685,5892
443,2019,1,1,3,0,1,1,1,22345,2664105,72875,10875239,982,5171,6153
444,2019,1,1,3,0,2,1,1,22994153,2692665,807917,8125157,1051,5042,6093
445,2019,2,1,3,0,3,1,2,21798347,256629,82125,60004061,1122,5108,6230
446,2019,2,1,3,0,4,1,1,22720847,2657835,83125,7876654,1334,5537,6871
447,2019,2,1,3,0,5,1,2,24668347,2850335,694167,77921,2469,5893,8362
448,2019,2,1,3,0,6,0,2,206025,2433665,885417,12916461,1033,2339,3372
449,2019,2,1,3,0,0,0,2,179375,218744,880833,14791925,1532,3464,4996
450,2019,2,1,3,0,1,1,1,18279153,219375,477917,25917007,795,4763,5558
451,2019,2,1,3,0,2,1,1,13256653,157827,29,12541864,531,4571,5102
452,2019,2,1,3,0,3,1,1,19850847,235475,48125,19541957,674,5024,5698
453,2019,2,1,3,0,4,1,1,20260847,241152,439167,2141655,834,5299,6133
454,2019,2,1,3,0,5,1,2,15.17,1878105,580833,9250489,796,4663,5459
455,2019,2,1,3,0,6,0,2,17390847,210854,738333,16791339,2301,3934,6235
456,2019,2,1,4,0,0,0,2,17459153,2086435,67625,11541889,2347,3694,6041
457,2019,2,1,4,0,1,1,1,17790433,2137565,504348,20913313,1208,4728,5936
458,2019,2,1,4,0,2,1,1,19133347,2307415,396667,6708911,1348,5424,6772
459,2019,2,1,4,0,3,1,1,22208347,266725,469583,12125325,1058,5378,6436
460,2019,2,1,4,0,4,1,1,17835,2155815,374167,14708443,1192,5265,6457
461,2019,2,1,4,0,5,1,1,16536653,1953835,377083,20125996,1807,4653,6460
462,2019,2,1,4,0,6,0,1,179375,2130645,254167,18416357,3252,3605,6857
463,2019,2,1,4,0,0,0,1,20.5,2462125,275833,15583932,2230,2939,5169
464,2019,2,1,4,0,1,1,1,20055847,238319,31.75,23999132,905,4680,5585
465,2019,2,1,4,0,2,1,1,18313347,2181165,43.5,16708125,819,5099,5918
466,2019,2,1,4,0,3,1,1,14296536,168637,469565,19783358,482,4380,4862
467,2019,2,1,4,0,4,1,1,162975,193802,46625,19458743,663,4746,5409
468,2019,2,1,4,0,5,1,1,181425,215904,408333,10416557,1252,5146,6398
469,2019,2,1,4,0,6,0,1,20295,243998,502917,12791439,2795,4665,7460
470,2019,2,1,4,0,0,0,1,24873347,2869375,507917,15083643,2846,4286,7132
471,2019,2,1,4,1,1,0,1,27230847,3074625,561667,19083543,1198,5172,6370
472,2019,2,1,4,0,2,1,1,24941653,2992435,390417,18333143,989,5702,6691
473,2019,2,1,4,0,3,1,2,18996653,228519,569167,11250104,347,4020,4367
474,2019,2,1,4,0,4,1,1,20431653,246523,61.25,44172564,846,5719,6565
475,2019,2,1,4,0,5,1,1,21593347,2578875,694583,10041357,1340,5950,7290
476,2019,2,1,4,0,6,0,1,23.37,2714605,682917,19000329,2541,4083,6624
477,2019,2,1,4,0,0,0,3,16263347,194752,835417,23084582,120,907,1027
478,2019,2,1,4,0,1,1,2,13188347,1505625,766667,20334232,195,3019,3214
479,2019,2,1,4,0,2,1,1,16946653,2026415,454167,16708661,518,5115,5633
480,2019,2,1,4,0,3,1,1,19543347,2351585,427917,7959064,655,5541,6196
481,2019,2,1,4,0,4,1,2,20431653,2417915,756667,11833875,475,4551,5026
482,2019,2,1,4,0,5,1,1,187575,2263185,400833,23291411,1014,5219,6233
483,2019,2,1,4,0,6,0,2,15443347,188752,489583,8708325,1120,3100,4220
484,2019,2,1,4,0,0,0,1,18791653,2250605,587083,7832836,2229,4075,6304
485,2019,2,1,4,0,1,1,2,19030847,228848,57,11499746,665,4907,5572
486,2019,2,1,5,0,2,1,2,25146653,2885105,659583,10458432,653,5087,5740
487,2019,2,1,5,0,3,1,1,23130847,268948,797083,9249886,667,5502,6169
488,2019,2,1,5,0,4,1,2,22.96,268621,768333,8957632,764,5657,6421
489,2019,2,1,5,0,5,1,1,257275,2954585,735417,10916846,1069,5227,6296
490,2019,2,1,5,0,6,0,2,25488347,292304,756667,10250464,2496,4387,6883
491,2019,2,1,5,0,0,0,2,230625,2733685,74,10041893,2135,4224,6359
492,2019,2,1,5,0,1,1,2,220375,263571,664167,15458307,1008,5265,6273
493,2019,2,1,5,0,2,1,2,23848347,2787355,685833,19833943,738,4990,5728
494,2019,2,1,5,0,3,1,2,23575,2765125,744167,14499604,620,4097,4717
495,2019,2,1,5,0,4,1,1,20739153,2458915,552083,21042221,1026,5546,6572
496,2019,2,1,5,0,5,1,1,21866653,2604165,360417,15874779,1319,5711,7030
497,2019,2,1,5,0,6,0,1,23130847,2724085,480417,8249911,2622,4807,7429
498,2019,2,1,5,0,0,0,1,251125,292619,57625,15082839,2172,3946,6118
499,2019,2,1,5,0,1,1,2,23506653,27495,789583,14250364,342,2501,2843
500,2019,2,1,5,0,2,1,2,25078347,288202,794583,9875264,625,4490,5115
501,2019,2,1,5,0,3,1,1,26103347,2979875,697917,8208304,991,6433,7424
502,2019,2,1,5,0,4,1,1,24326653,2863065,52,15374825,1242,6142,7384
503,2019,2,1,5,0,5,1,1,23130847,2755605,523333,9166739,1521,6118,7639
504,2019,2,1,5,0,6,0,1,24.6,283454,45625,5626325,3410,4884,8294
505,2019,2,1,5,0,0,0,1,25454153,2919835,530417,17042589,2704,4425,7129
506,2019,2,1,5,0,1,1,2,24531653,2828335,81125,15624668,630,3729,4359
507,2019,2,1,5,0,2,1,2,25215,2904125,765833,7917189,819,5254,6073
508,2019,2,1,5,0,3,1,2,25488347,292306,774583,6834,766,4494,5260
509,2019,2,1,5,0,4,1,1,26855,30335,716667,11584032,1059,5711,6770
510,2019,2,1,5,0,5,1,1,27.88,3137645,747083,941685,1417,5317,6734
511,2019,2,1,5,0,6,0,1,283925,321348,73.25,13332464,2855,3681,6536
512,2019,2,1,5,0,0,0,1,28.29,3207125,697083,14416457,3283,3308,6591
513,2019,2,1,5,1,1,0,1,292125,33965,67625,13166907,2557,3486,6043
514,2019,2,1,5,0,2,1,1,296225,336496,684583,197918,880,4863,5743
515,2019,2,1,5,0,3,1,2,26923347,3055645,67,9000043,745,6110,6855
516,2019,2,1,5,0,4,1,1,27.88,3156645,492917,13083693,1100,6238,7338
517,2019,2,1,6,0,5,1,2,26820847,303981,755417,15916721,533,3594,4127
518,2019,2,1,6,0,6,0,1,23916653,283144,549167,12499654,2795,5325,8120
519,2019,2,1,6,0,0,0,1,247025,2875665,493333,12333829,2494,5147,7641
520,2019,2,1,6,0,1,1,1,244975,2891415,487083,19083811,1071,5927,6998
521,2019,2,1,6,0,2,1,2,22174153,262946,613333,14041525,968,6033,7001
522,2019,2,1,6,0,3,1,1,22720847,271146,61125,5167375,1027,6028,7055
523,2019,2,1,6,0,4,1,1,247025,284721,567083,1054245,1038,6456,7494
524,2019,2,1,6,0,5,1,1,26615847,298931,467917,11750661,1488,6248,7736
525,2019,2,1,6,0,6,0,1,29144153,3241835,437083,9667229,2708,4790,7498
526,2019,2,1,6,0,0,0,1,29793347,3317585,538333,8959307,2224,4374,6598
527,2019,2,1,6,0,1,1,2,29554153,3298605,587917,13916771,1017,5647,6664
528,2019,2,1,6,0,2,1,2,26786653,2989375,833333,14374582,477,4495,4972
529,2019,2,1,6,0,3,1,1,26889153,3055585,582083,22999693,1173,6248,7421
530,2019,2,1,6,0,4,1,1,26581653,3121915,569583,17000111,1180,6183,7363
531,2019,2,1,6,0,5,1,1,26205847,299877,589583,11833339,1563,6102,7665
532,2019,2,1,6,0,6,0,1,25898347,297354,504167,11166689,2963,4739,7702
533,2019,2,1,6,0,0,0,1,242925,2859875,59875,9708568,2634,4344,6978
534,2019,2,1,6,0,1,1,2,23301653,272421,777917,11707982,653,4446,5099
535,2019,2,1,6,0,2,1,1,28221653,327346,69,9917139,968,5857,6825
536,2019,2,1,6,0,3,1,1,320825,3604875,592083,7625404,872,5339,6211
537,2019,3,1,6,0,4,1,1,33039153,376271,567917,7958729,778,5127,5905
538,2019,3,1,6,0,5,1,1,318775,3620605,57375,12250414,964,4859,5823
539,2019,3,1,6,0,6,0,1,29998347,326396,534583,12041307,2657,4801,7458
540,2019,3,1,6,0,0,0,1,30476653,337127,479167,9750175,2551,4340,6891
541,2019,3,1,6,0,1,1,1,29349153,327021,504167,20125661,1139,5640,6779
542,2019,3,1,6,0,2,1,1,25864153,297352,373333,23292014,1077,6365,7442
543,2019,3,1,6,0,3,1,1,285975,320396,36,18208925,1077,6258,7335
544,2019,3,1,6,0,4,1,1,30715847,337756,42.25,1150055,921,5958,6879
545,2019,3,1,6,0,5,1,1,34200847,3933065,48875,11082939,829,4634,5463
546,2019,3,1,6,0,6,0,1,31365,343754,60125,10791757,1455,4232,5687
547,2019,3,1,7,0,0,0,1,33449153,3753145,51875,11291443,1421,4110,5531
548,2019,3,1,7,0,1,1,1,32048347,351019,447083,13082889,904,5323,6227
549,2019,3,1,7,0,2,1,1,32014153,351325,492083,8457879,1052,5608,6660
550,2019,3,1,7,1,3,0,1,32355847,3661685,53875,904165,2562,4841,7403
551,2019,3,1,7,0,4,1,1,339275,3806835,457917,12999943,1405,4836,6241
552,2019,3,1,7,0,5,1,1,33961653,3762665,450833,9791514,1366,4841,6207
553,2019,3,1,7,0,6,0,1,35328347,4024565,492083,10958118,1448,3392,4840
554,2019,3,1,7,0,0,0,1,337225,395198,57375,8417143,1203,3469,4672
555,2019,3,1,7,0,1,1,2,29144153,327027,683333,12125325,998,5571,6569
556,2019,3,1,7,0,2,1,2,29554153,332398,66.75,10166379,954,5336,6290
557,2019,3,1,7,0,3,1,1,29383347,3251355,633333,10166111,975,6289,7264
558,2019,3,1,7,0,4,1,1,29349153,3273415,529583,9833925,1032,6414,7446
559,2019,3,1,7,0,5,1,2,29998347,3339665,485833,541695,1511,5988,7499
560,2019,3,1,7,0,6,0,2,28836653,333021,699167,9626493,2355,4614,6969
561,2019,3,1,7,0,0,0,1,30579153,352598,717917,11166689,1920,4111,6031
562,2019,3,1,7,0,1,1,1,31296653,3620625,64.5,11000529,1088,5742,6830
563,2019,3,1,7,0,2,1,1,33551653,3778415,505833,7666743,921,5865,6786
564,2019,3,1,7,0,3,1,1,32526653,3727915,577083,9208614,799,4914,5713
565,2019,3,1,7,0,4,1,1,31.57,357321,600417,11083743,888,5703,6591
566,2019,3,1,7,0,5,1,2,27299153,3065125,844167,14000789,747,5123,5870
567,2019,3,1,7,0,6,0,3,24429153,274956,865417,142911,1264,3195,4459
568,2019,3,1,7,0,0,0,2,273675,3115625,76.25,62926936,2544,4866,7410
569,2019,3,1,7,0,1,1,1,30408347,3450085,694167,9291761,1135,5831,6966
570,2019,3,1,7,0,2,1,1,30784153,353225,65.5,14167418,1140,6452,7592
571,2019,3,1,7,0,3,1,1,29690847,327027,45,110416,1383,6790,8173
572,2019,3,1,7,0,4,1,1,31843347,3696315,596667,19082471,1036,5825,6861
573,2019,3,1,7,0,5,1,1,32048347,3671085,594583,10250464,1259,5645,6904
574,2019,3,1,7,0,6,0,1,30989153,348802,613333,1054245,2234,4451,6685
575,2019,3,1,7,0,0,0,1,29588347,3339665,62375,11416532,2153,4444,6597
576,2019,3,1,7,0,1,1,1,29964153,3424935,66875,10292339,1040,6065,7105
577,2019,3,1,7,0,2,1,1,29246653,331448,704167,11083475,968,6248,7216
578,2019,3,1,8,0,3,1,1,294175,333654,67.75,9458993,1074,6506,7580
579,2019,3,1,8,0,4,1,1,308525,353544,659583,8666718,983,6278,7261
580,2019,3,1,8,0,5,1,2,31399153,3614335,64.25,14458064,1328,5847,7175
581,2019,3,1,8,0,6,0,1,32526653,3756335,613333,17249686,2345,4479,6824
582,2019,3,1,8,0,0,0,1,31535847,3655395,65.25,19458207,1707,3757,5464
583,2019,3,1,8,0,1,1,2,308525,355123,654167,8666718,1233,5780,7013
584,2019,3,1,8,0,2,1,2,30169153,3488105,70375,7832836,1278,5995,7273
585,2019,3,1,8,0,3,1,2,30.75,3538585,672917,74169,1263,6271,7534
586,2019,3,1,8,0,4,1,1,30989153,349754,620417,104587,1196,6090,7286
587,2019,3,1,8,0,5,1,2,29349153,333971,715833,16000471,1065,4721,5786
588,2019,3,1,8,0,6,0,2,283925,3191335,732917,13834093,2247,4052,6299
589,2019,3,1,8,0,0,0,1,28734153,3222895,530417,8208304,2182,4362,6544
590,2019,3,1,8,0,1,1,1,29554153,331127,545417,9126204,1207,5676,6883
591,2019,3,1,8,0,2,1,1,29793347,3383895,686667,11333586,1128,5656,6784
592,2019,3,1,8,0,3,1,1,28973347,3270185,619583,11374657,1198,6149,7347
593,2019,3,1,8,0,4,1,1,29485847,327344,519167,9500332,1338,6267,7605
594,2019,3,1,8,0,5,1,1,29656653,12.12,570833,15500718,1483,5665,7148
595,2019,3,1,8,0,6,0,1,27811653,3090355,603333,11917089,2827,5038,7865
596,2019,3,1,8,0,0,0,2,26069153,301777,711667,579215,1208,3341,4549
597,2019,3,1,8,0,1,1,2,26069153,2979835,734167,8708593,1026,5504,6530
598,2019,3,1,8,0,2,1,1,26615847,3005125,67375,48756436,1081,5925,7006
599,2019,3,1,8,0,3,1,1,273675,310927,677083,47089811,1094,6281,7375
600,2019,3,1,8,0,4,1,1,28529153,318504,635833,56679186,1363,6402,7765
601,2019,3,1,8,0,5,1,2,288025,32355,61.5,48337686,1325,6257,7582
602,2019,3,1,8,0,6,0,2,27128347,309348,712917,16375336,1829,4224,6053
603,2019,3,1,8,0,0,0,2,26786653,297998,845833,15333486,1483,3772,5255
604,2019,3,1,8,0,1,1,1,28836653,327344,730417,8625111,989,5928,6917
605,2019,3,1,8,0,2,1,1,29861653,333025,62,12791975,935,6105,7040
606,2019,3,1,8,0,3,1,1,28085,3178665,552083,7541654,1177,6520,7697
607,2019,3,1,8,0,4,1,1,28973347,3263895,590417,51668189,1172,6541,7713
608,2019,3,1,8,0,5,1,1,31330847,34.47,58.75,11291711,1433,5917,7350
609,2019,3,1,9,0,6,0,2,30886653,351327,638333,7583529,2352,3788,6140
610,2019,3,1,9,0,0,0,2,28563347,32.45,81.5,42927436,2613,3197,5810
611,2019,3,1,9,1,1,0,1,290075,3308145,790833,10125107,1965,4069,6034
612,2019,3,1,9,0,2,1,1,29759153,343444,75.5,15833507,867,5997,6864
613,2019,3,1,9,0,3,1,1,30203347,3544915,74125,12583136,832,6280,7112
614,2019,3,1,9,0,4,1,2,28563347,3276645,810417,9542207,611,5592,6203
615,2019,3,1,9,0,5,1,1,28836653,328602,73625,11500282,1045,6459,7504
616,2019,3,1,9,0,6,0,2,27025847,3055605,799167,18833968,1557,4419,5976
617,2019,3,1,9,0,0,0,1,25.01,2894625,54.75,15041232,2570,5657,8227
618,2019,3,1,9,0,1,1,1,23916653,282827,50375,17333771,1118,6407,7525
619,2019,3,1,9,0,2,1,1,236775,277146,52,61676314,1070,6697,7767
620,2019,3,1,9,0,3,1,1,24565847,2850375,577083,8833682,1050,6820,7870
621,2019,3,1,9,0,4,1,1,251125,289779,637083,55422936,1054,6750,7804
622,2019,3,1,9,0,5,1,1,25966653,2970415,67.25,6958821,1379,6630,8009
623,2019,3,1,9,0,6,0,1,24941653,2929335,501667,16583907,3160,5554,8714
624,2019,3,1,9,0,0,0,1,23.78,2815625,57,60422811,2166,5167,7333
625,2019,3,1,9,0,1,1,2,23814153,276525,734583,10166714,1022,5847,6869
626,2019,3,1,9,0,2,1,2,25556653,2825335,87.25,23958329,371,3702,4073
627,2019,3,1,9,0,3,1,1,226525,270202,536667,14416725,788,6803,7591
628,2019,3,1,9,0,4,1,1,22413347,266096,618333,7917189,939,6781,7720
629,2019,3,1,9,0,5,1,1,24565847,2859855,66875,10333343,1250,6917,8167
630,2019,3,1,9,0,6,0,1,26.65,305244,646667,19000061,2512,5883,8395
631,2019,4,1,9,0,0,0,1,21695847,2594665,467083,14958286,2454,5453,7907
632,2019,4,1,9,0,1,1,1,21080847,2512565,492917,9541068,1001,6435,7436
633,2019,4,1,9,0,2,1,1,22.55,2720895,57,15833507,845,6693,7538
634,2019,4,1,9,0,3,1,1,26035,2983065,630833,163748,787,6946,7733
635,2019,4,1,9,0,4,1,2,26.65,3039875,690833,9000914,751,6642,7393
636,2019,4,1,9,0,5,1,2,25385847,2929315,69,10999993,1045,6370,7415
637,2019,4,1,9,0,6,0,1,222425,265148,542917,15249468,2589,5966,8555
638,2019,4,1,9,0,0,0,1,21593347,2588315,583333,9042186,2015,4874,6889
639,2019,4,1,10,0,1,1,2,21354153,25.6,649167,60838814,763,6015,6778
640,2019,4,1,10,0,2,1,3,24224153,2711665,871667,6999825,315,4324,4639
641,2019,4,1,10,0,3,1,2,269575,2995665,79375,44585686,728,6844,7572
642,2019,4,1,10,0,4,1,2,269575,3039875,722917,7875582,891,6437,7328
643,2019,4,1,10,0,5,1,1,25215,2900935,62.75,712545,1516,6640,8156
644,2019,4,1,10,0,6,0,1,22720847,2692605,664167,17957675,3031,4934,7965
645,2019,4,1,10,0,0,0,2,17049153,2099065,708333,9457854,781,2729,3510
646,2019,4,1,10,1,1,0,2,15716653,193804,709583,12708493,874,4604,5478
647,2019,4,1,10,0,2,1,2,18313347,219056,761667,127501,601,5791,6392
648,2019,4,1,10,0,3,1,1,21080847,251571,630833,12584007,780,6911,7691
649,2019,4,1,10,0,4,1,1,17835,2155835,463333,12166932,834,6736,7570
650,2019,4,1,10,0,5,1,1,179375,2165355,539167,15751164,1060,6222,7282
651,2019,4,1,10,0,6,0,1,16126653,195698,494583,9791514,2252,4857,7109
652,2019,4,1,10,0,0,0,1,21388347,254102,640417,18667004,2080,4559,6639
653,2019,4,1,10,0,1,1,2,23028347,269575,70.75,19834479,760,5115,5875
654,2019,4,1,10,0,2,1,1,19201653,230423,558333,12208807,922,6612,7534
655,2019,4,1,10,0,3,1,1,18689153,225054,692917,6791857,979,6482,7461
656,2019,4,1,10,0,4,1,2,214225,2563125,728333,15874779,1008,6501,7509
657,2019,4,1,10,0,5,1,2,23096653,268948,81.5,9041918,753,4671,5424
658,2019,4,1,10,0,6,0,1,19850847,236421,572917,7874979,2806,5284,8090
659,2019,4,1,10,0,0,0,1,19030847,2282145,51,11125618,2132,4692,6824
660,2019,4,1,10,0,1,1,1,199875,241471,568333,54593811,830,6228,7058
661,2019,4,1,10,0,2,1,1,22310847,265152,641667,63345686,841,6625,7466
662,2019,4,1,10,0,3,1,1,240875,2793605,63625,48762064,795,6898,7693
663,2019,4,1,10,0,4,1,2,22.55,264844,800417,8333125,875,6484,7359
664,2019,4,1,10,0,5,1,2,22379153,261375,807083,8875289,1182,6262,7444
665,2019,4,1,10,0,6,0,2,21.73,2575665,72,15791364,2643,5209,7852
666,2019,4,1,10,0,0,0,2,195775,2338855,694583,26666536,998,3461,4459
667,2019,4,1,10,0,1,1,3,18.04,21.97,88,239994,2,20,22
668,2019,4,1,10,0,2,1,2,13045462,1549545,825455,14271603,87,1009,1096
669,2019,4,1,10,0,3,1,2,146575,18055,666667,11166689,419,5147,5566
670,2019,4,1,11,0,4,1,2,14999153,184971,581667,10542182,466,5520,5986
671,2019,4,1,11,0,5,1,1,14555,178021,522083,17833725,618,5229,5847
672,2019,4,1,11,0,6,0,2,14076653,161923,49125,18125443,1029,4109,5138
673,2019,4,1,11,0,0,0,1,13359153,164769,532917,12000236,1201,3906,5107
674,2019,4,1,11,0,1,1,1,13085847,1540375,494167,15833775,378,4881,5259
675,2019,4,1,11,0,2,1,1,11514153,1407835,567083,11625371,466,5220,5686
676,2019,4,1,11,0,3,1,2,12129153,1373105,54.75,20375236,326,4709,5035
677,2019,4,1,11,0,4,1,1,14439134,1709455,333478,23304945,340,4975,5315
678,2019,4,1,11,0,5,1,1,14828347,1777065,540833,14375386,709,5283,5992
679,2019,4,1,11,0,6,0,1,15955847,1969685,645417,38756686,2090,4446,6536
680,2019,4,1,11,0,0,0,1,17254153,2108565,659167,85425,2290,4562,6852
681,2019,4,1,11,1,1,0,1,19885,2376915,741667,11625639,1097,5172,6269
682,2019,4,1,11,0,2,1,2,14076653,1616125,662917,22917082,327,3767,4094
683,2019,4,1,11,0,3,1,1,11855847,1407815,552083,13374875,373,5122,5495
684,2019,4,1,11,0,4,1,2,13188347,162246,620417,10250129,320,5125,5445
685,2019,4,1,11,0,5,1,1,14145,173602,524583,11458675,484,5214,5698
686,2019,4,1,11,0,6,0,1,13325,1631915,545417,12041843,1313,4316,5629
687,2019,4,1,11,0,0,0,1,140425,168873,692917,15250004,922,3747,4669
688,2019,4,1,11,0,1,1,2,15614153,1878105,623333,15749489,449,5050,5499
689,2019,4,1,11,0,2,1,2,15340847,1903335,68.5,5542575,534,5100,5634
690,2019,4,1,11,0,3,1,1,14486653,182446,61375,6917482,615,4531,5146
691,2019,4,1,11,1,4,0,1,13.94,1751855,580417,35423436,955,1470,2425
692,2019,4,1,11,0,5,1,1,15101653,1893895,56875,9917407,1603,2307,3910
693,2019,4,1,11,0,6,0,1,11411653,124371,404583,25250357,532,1745,2277
694,2019,4,1,11,0,0,0,1,10079153,1287915,468333,100835,309,2115,2424
695,2019,4,1,11,0,1,1,1,12846653,169502,535417,312555,337,4750,5087
696,2019,4,1,11,0,2,1,2,11958347,140779,786667,15916654,123,3836,3959
697,2019,4,1,11,0,3,1,1,12163347,144881,50625,14125007,198,5062,5260
698,2019,4,1,11,0,4,1,1,1151567,149211,555652,7739974,243,5080,5323
699,2019,4,1,11,0,5,1,1,12231653,1619335,649583,39175436,362,5306,5668
700,2019,4,1,12,0,6,0,2,12231653,158452,806667,40001814,951,4240,5191
701,2019,4,1,12,0,0,0,2,142475,179604,823333,8333393,892,3757,4649
702,2019,4,1,12,0,1,1,1,185525,227898,76.75,55422936,555,5679,6234
703,2019,4,1,12,0,2,1,1,19509153,234527,73375,11666643,551,6055,6606
704,2019,4,1,12,0,3,1,1,17971653,214006,48.5,21709407,331,5398,5729
705,2019,4,1,12,0,4,1,1,10489153,129102,50875,11708518,340,5035,5375
706,2019,4,1,12,0,5,1,2,13154153,160979,764167,87502,349,4659,5008
707,2019,4,1,12,0,6,0,2,15648347,194754,91125,6792393,1153,4429,5582
708,2019,4,1,12,0,0,0,2,15750847,195073,905417,10584325,441,2787,3228
709,2019,4,1,12,0,1,1,2,17869153,2177875,92.5,12750636,329,4841,5170
710,2019,4,1,12,0,2,1,2,14486653,1691815,596667,19834479,282,5219,5501
711,2019,4,1,12,0,3,1,2,121975,148669,538333,10916779,310,5009,5319
712,2019,4,1,12,0,4,1,1,12129153,147094,485833,11666643,425,5107,5532
713,2019,4,1,12,0,5,1,1,11548347,147096,642917,8792343,429,5182,5611
714,2019,4,1,12,0,6,0,1,13290847,1691915,650417,712545,767,4280,5047
715,2019,4,1,12,0,0,0,2,148625,184969,83875,6749714,538,3248,3786
716,2019,4,1,12,0,1,1,2,16126653,20075,907083,65833061,212,4373,4585
717,2019,4,1,12,0,2,1,1,16844153,204854,66625,14834068,433,5124,5557
718,2019,4,1,12,0,3,1,1,136325,171081,625417,12334164,333,4934,5267
719,2019,4,1,12,0,4,1,2,13.53,1676085,667917,8875021,314,3814,4128
720,2019,1,1,12,0,5,1,2,13393347,1508835,556667,25083661,221,3402,3623
721,2019,1,1,12,0,6,0,1,10899153,1180565,44125,27292182,205,1544,1749
722,2019,1,1,12,0,0,0,1,10079153,1297355,515417,8916561,408,1379,1787
723,2019,1,1,12,0,1,1,2,9483464,12945,791304,51744368,174,746,920
724,2019,1,1,12,1,2,0,2,11943464,1472325,734783,11304642,440,573,1013
725,2019,1,1,12,0,3,1,3,9976653,1101665,823333,21208582,9,432,441
726,2019,1,1,12,0,4,1,2,10420847,113321,652917,23458911,247,1867,2114
727,2019,1,1,12,0,5,1,2,10386653,127523,59,10416557,644,2451,3095
728,2019,1,1,12,0,6,0,2,10386653,12.12,752917,8333661,159,1182,1341
729,2019,1,1,12,0,0,0,1,10489153,11585,483333,23500518,364,1432,1796
730,2019,1,1,12,0,1,1,2,8849153,1117435,57.75,10374682,439,2290,2729
